{
    "fetch_date": "2024-05-05 11:28:52",
    "city": "Melbourne",
    "weather": "few clouds",
    "temperature": 13.89,
    "maximum_temperature": 14.94,
    "minimum_temperature": 12.26,
    "maximum_energy": 2.9479427999999994,
    "minimum_energy": 2.7940571999999997,
    "humidity": 84,
    "wind_speed": 3.6
}